<?xml version="1.0" encoding="UTF-8" ?>
<!DOCTYPE configuration
  PUBLIC "-//mybatis.org//DTD Config 3.0//EN"
  "https://mybatis.org/dtd/mybatis-3-config.dtd">
<configuration>

  <typeAliases>
  	<typeAlias type="com.gyeonglodang.dto.PersonalDTO" alias="personalDTO"/>
  	<typeAlias type="com.gyeonglodang.dto.AdminDTO" alias="adminDTO"/>
  	<typeAlias type="com.gyeonglodang.dto.InfoDTO" alias="infoDTO"/>
  	<typeAlias type="com.gyeonglodang.dto.InfoCustomDTO" alias="infoCustomDTO"/>
  	<typeAlias type="com.gyeonglodang.dto.CareerDTO" alias="careerDTO"/>
  	<typeAlias type="com.gyeonglodang.dto.CareerQDTO" alias="careerQDTO"/>
  	<typeAlias type="com.gyeonglodang.dto.PersonalDTO" alias="personalDTO"/>
  	<typeAlias type="com.gyeonglodang.dto.PersonalQDTO" alias="personalQDTO"/>
  	<typeAlias type="com.gyeonglodang.dto.ResumeCustomDTO" alias="resumeCustomDTO"/>
  	<typeAlias type="com.gyeonglodang.dto.SentenceTypeDTO" alias="sentenceTypeDTO"/>
  	<typeAlias type="com.gyeonglodang.dto.TableTypeDTO" alias="tableTypeDTO"/>
  	<typeAlias type="com.gyeonglodang.dto.TableTypeQDTO" alias="tableTypeQDTO"/>
  	<typeAlias type="com.gyeonglodang.dto.ResumeFileDTO" alias="resumeFileDTO"/>
  	<typeAlias type="com.gyeonglodang.dto.ResumeFileUploadDTO" alias="resumeFileUploadDTO"/>
  	<typeAlias type="com.gyeonglodang.dto.ResumeFileUploadSetDTO" alias="resumeFileUploadSetDTO"/>
  	<typeAlias type="com.gyeonglodang.dto.RecruitCategBoardDTO" alias="recruitCategBoardDTO"/>
  	<typeAlias type="com.gyeonglodang.dto.RsmFileUploadFieldSettingDTO" alias="rsmFileUploadFieldSettingDTO"/>
  	<typeAlias type="com.gyeonglodang.dto.InfoCustomFieldSettingDTO" alias="infoCustomFieldSettingDTO"/>
  	<typeAlias type="com.gyeonglodang.dto.CustomFieldSettingDTO" alias="customFieldSettingDTO"/>
  	<typeAlias type="com.gyeonglodang.dto.PersonalFieldSettingDTO" alias="personalFieldSettingDTO"/>
  	<typeAlias type="com.gyeonglodang.dto.CareerFieldSettingDTO" alias="careerFieldSettingDTO"/>
  	<typeAlias type="com.gyeonglodang.dto.RsmFileUploadFieldSettingDTO" alias="rsmFileUploadFieldSettingDTO"/>
  	<typeAlias type="com.gyeonglodang.dto.AdminDTO" alias="adminDTO"/>
	<typeAlias type="com.gyeonglodang.dto.JobNoticeDTO" alias="jobNoticeDTO"/>
	<typeAlias type="com.gyeonglodang.dto.ApplicantDTO" alias="ApplicantDTO"/>
	<typeAlias type="com.gyeonglodang.dto.GetPersonalQDTO" alias="GetPersonalQDTO"/>
	<typeAlias type="com.gyeonglodang.dto.GetCareerQDTO" alias="GetCareerQDTO"/>
	<typeAlias type="com.gyeonglodang.dto.GetInfoValueDTO" alias="GetInfoValueDTO"/>
	<typeAlias type="com.gyeonglodang.dto.PassFailDTO" alias="PassFailDTO"/>
  	<typeAlias type="com.gyeonglodang.dto.AnnouncementCustomDTO" alias="AnnouncementCustomDTO"/>
  	<typeAlias type="com.gyeonglodang.dto.SuccessfulCandidateListDTO" alias="SuccessfulCandidateListDTO"/>
  	<typeAlias type="com.gyeonglodang.dto.CustomizeDTO" alias="CustomizeDTO"/>
  	<typeAlias type="com.gyeonglodang.dto.ManagerDTO" alias="ManagerDTO"/>
  	<typeAlias type="com.gyeonglodang.dto.FaqBoardDTO" alias="FaqBoardDTO"/>
  	<typeAlias type="com.gyeonglodang.dto.QnaBoardDTO" alias="QnaBoardDTO"/>
  	<typeAlias type="com.gyeonglodang.dto.QnaFileDTO" alias="QnaFileDTO"/>
  	<typeAlias type="com.gyeonglodang.dto.RecruitDTO" alias="RecruitDTO"/>
  	<typeAlias type="com.gyeonglodang.dto.JobNotice_boardDTO" alias="JobNotice_boardDTO"/>
  	<typeAlias type="com.gyeonglodang.dto.JobNoticeRecListDTO" alias="JobNoticeRecListDTO"/>
  	<typeAlias type="com.gyeonglodang.dto.RecruitCateg_boardDTO" alias="RecruitCateg_boardDTO"/>
  	<typeAlias type="com.gyeonglodang.dto.JobNoticeCateg_boardDTO" alias="JobNoticeCateg_boardDTO"/>
  	<typeAlias type="com.gyeonglodang.dto.JobNoticeCateg_fileDTO" alias="JobNoticeCateg_fileDTO"/>
  	<typeAlias type="com.gyeonglodang.dto.CompanyAccount_boardDTO" alias="CompanyAccount_boardDTO"/>
  	<typeAlias type="com.gyeonglodang.dto.Announcement_boardDTO" alias="Announcement_boardDTO"/>
    <typeAlias type="com.gyeonglodang.dto.Companyinfo_boardDTO" alias="Companyinfo_boardDTO"/>
    <typeAlias type="com.gyeonglodang.dto.Admininfo_boardDTO" alias="Admininfo_boardDTO"/>
  </typeAliases>

  <mappers>
    <mapper resource="com/gyeonglodang/mybatis/mapper/ResumeMapper.xml"/>
    <mapper resource="com/gyeonglodang/mybatis/mapper/AdminMapper.xml"/>
    <mapper resource="com/gyeonglodang/mybatis/mapper/RecruitResumeMapper.xml"/>
  </mappers>
</configuration>